"id","form_name","form_definition"
1,"Sample Form","{""fields"": [{""id"": 1, ""name"": ""firstName"", ""type"": ""text"", ""required"": true, ""placeholder"": ""First Name""}, {""id"": 2, ""name"": ""age"", ""type"": ""number"", ""placeholder"": ""Age""}, {""id"": 3, ""name"": ""gender"", ""type"": ""radio"", ""options"": [""Male"", ""Female"", ""Other""], ""placeholder"": ""Gender""}, {""id"": 4, ""name"": ""bio"", ""type"": ""textarea"", ""placeholder"": ""Short Bio""}]}"
2,"Extended Contact Form","{""fields"": [{""id"": 1, ""name"": ""email"", ""type"": ""email"", ""required"": true, ""placeholder"": ""Your Email""}, {""id"": 2, ""name"": ""message"", ""type"": ""textarea"", ""placeholder"": ""Your Message""}, {""id"": 3, ""name"": ""contactMethod"", ""type"": ""select"", ""options"": [""Email"", ""Phone"", ""Text""], ""placeholder"": ""Preferred Contact Method""}, {""id"": 4, ""name"": ""phone"", ""type"": ""text"", ""placeholder"": ""Your Phone Number""}, {""id"": 5, ""name"": ""newsletter"", ""type"": ""checkbox"", ""placeholder"": ""Subscribe to newsletter?""}]}"
3,"Comprehensive Survey Form","{""fields"": [{""id"": 1, ""name"": ""satisfaction"", ""type"": ""select"", ""options"": [""Very Satisfied"", ""Satisfied"", ""Neutral"", ""Unsatisfied"", ""Very Unsatisfied""], ""required"": true, ""placeholder"": ""Satisfaction Level""}, {""id"": 2, ""name"": ""comments"", ""type"": ""textarea"", ""placeholder"": ""Additional Comments""}, {""id"": 3, ""name"": ""recommend"", ""type"": ""radio"", ""options"": [""Yes"", ""No""], ""placeholder"": ""Would you recommend us?""}, {""id"": 4, ""name"": ""improvements"", ""type"": ""textarea"", ""placeholder"": ""Suggestions for Improvement""}, {""id"": 5, ""name"": ""ageGroup"", ""type"": ""select"", ""options"": [""18-25"", ""26-35"", ""36-45"", ""46-60"", ""60+""], ""placeholder"": ""Age Group""}]}"
4,"Detailed Registration Form","{""fields"": [{""id"": 1, ""name"": ""username"", ""type"": ""text"", ""required"": true, ""placeholder"": ""Username""}, {""id"": 2, ""name"": ""password"", ""type"": ""password"", ""required"": true, ""placeholder"": ""Password""}, {""id"": 3, ""name"": ""confirmPassword"", ""type"": ""password"", ""required"": true, ""placeholder"": ""Confirm Password""}, {""id"": 4, ""name"": ""email"", ""type"": ""email"", ""placeholder"": ""Email""}, {""id"": 5, ""name"": ""fullName"", ""type"": ""text"", ""placeholder"": ""Full Name""}, {""id"": 6, ""name"": ""birthDate"", ""type"": ""date"", ""placeholder"": ""Date of Birth""}, {""id"": 7, ""name"": ""address"", ""type"": ""textarea"", ""placeholder"": ""Address""}, {""id"": 8, ""name"": ""phone"", ""type"": ""text"", ""placeholder"": ""Phone Number""}, {""id"": 9, ""name"": ""terms"", ""type"": ""checkbox"", ""required"": true, ""placeholder"": ""I agree to the terms and conditions""}]}"
5,"Advanced Feedback Form","{""fields"": [{""id"": 1, ""name"": ""name"", ""type"": ""text"", ""placeholder"": ""Your Name""}, {""id"": 2, ""name"": ""feedback"", ""type"": ""textarea"", ""required"": true, ""placeholder"": ""Your Feedback""}, {""id"": 3, ""name"": ""rating"", ""type"": ""select"", ""options"": [""1"", ""2"", ""3"", ""4"", ""5""], ""placeholder"": ""Rating""}, {""id"": 4, ""name"": ""category"", ""type"": ""select"", ""options"": [""Product"", ""Service"", ""Website""], ""placeholder"": ""Feedback Category""}, {""id"": 5, ""name"": ""improve"", ""type"": ""textarea"", ""placeholder"": ""How can we improve?""}, {""id"": 6, ""name"": ""contact"", ""type"": ""radio"", ""options"": [""Yes"", ""No""], ""placeholder"": ""Would you like us to contact you?""}, {""id"": 7, ""name"": ""contactDetails"", ""type"": ""text"", ""placeholder"": ""Contact Details (if yes)""}]}"
6,"Comprehensive Job Application Form","{""fields"": [{""id"": 1, ""name"": ""firstName"", ""type"": ""text"", ""required"": true, ""placeholder"": ""First Name""}, {""id"": 2, ""name"": ""lastName"", ""type"": ""text"", ""required"": true, ""placeholder"": ""Last Name""}, {""id"": 3, ""name"": ""email"", ""type"": ""email"", ""required"": true, ""placeholder"": ""Email""}, {""id"": 4, ""name"": ""phone"", ""type"": ""text"", ""placeholder"": ""Phone Number""}, {""id"": 5, ""name"": ""resume"", ""type"": ""textarea"", ""required"": true, ""placeholder"": ""Paste Your Resume Here""}, {""id"": 6, ""name"": ""coverLetter"", ""type"": ""textarea"", ""placeholder"": ""Paste Your Cover Letter Here""}, {""id"": 7, ""name"": ""portfolio"", ""type"": ""text"", ""placeholder"": ""Portfolio URL""}, {""id"": 8, ""name"": ""linkedin"", ""type"": ""text"", ""placeholder"": ""LinkedIn Profile""}, {""id"": 9, ""name"": ""availability"", ""type"": ""select"", ""options"": [""Immediately"", ""Within 2 weeks"", ""Within a month"", ""More than a month""], ""placeholder"": ""Availability to Start""}, {""id"": 10, ""name"": ""expectedSalary"", ""type"": ""text"", ""placeholder"": ""Expected Salary""}]}"
7,"Complex Event Registration Form","{""fields"": [{""id"": 1, ""name"": ""name"", ""type"": ""text"", ""required"": true, ""placeholder"": ""Name""}, {""id"": 2, ""name"": ""email"", ""type"": ""email"", ""placeholder"": ""Email""}, {""id"": 3, ""name"": ""event"", ""type"": ""select"", ""options"": [""Event A"", ""Event B"", ""Event C""], ""placeholder"": ""Select Event""}, {""id"": 4, ""name"": ""attendance"", ""type"": ""radio"", ""options"": [""Yes"", ""No""], ""placeholder"": ""Will you attend?""}, {""id"": 5, ""name"": ""guests"", ""type"": ""number"", ""placeholder"": ""Number of Guests""}, {""id"": 6, ""name"": ""mealPreference"", ""type"": ""select"", ""options"": [""Vegetarian"", ""Non-Vegetarian"", ""Vegan"", ""Gluten-Free""], ""placeholder"": ""Meal Preference""}, {""id"": 7, ""name"": ""accommodation"", ""type"": ""checkbox"", ""placeholder"": ""Do you need accommodation?""}, {""id"": 8, ""name"": ""specialRequests"", ""type"": ""textarea"", ""placeholder"": ""Any Special Requests""}]}"
8,"Detailed Medical History Form","{""fields"": [{""id"": 1, ""name"": ""patientName"", ""type"": ""text"", ""required"": true, ""placeholder"": ""Patient Name""}, {""id"": 2, ""name"": ""dob"", ""type"": ""date"", ""required"": true, ""placeholder"": ""Date of Birth""}, {""id"": 3, ""name"": ""medicalConditions"", ""type"": ""textarea"", ""required"": true, ""placeholder"": ""Medical Conditions""}, {""id"": 4, ""name"": ""medications"", ""type"": ""textarea"", ""placeholder"": ""Current Medications""}, {""id"": 5, ""name"": ""allergies"", ""type"": ""textarea"", ""placeholder"": ""Allergies""}, {""id"": 6, ""name"": ""emergencyContact"", ""type"": ""text"", ""required"": true, ""placeholder"": ""Emergency Contact Name""}, {""id"": 7, ""name"": ""emergencyPhone"", ""type"": ""text"", ""required"": true, ""placeholder"": ""Emergency Contact Phone""}, {""id"": 8, ""name"": ""insuranceProvider"", ""type"": ""text"", ""placeholder"": ""Insurance Provider""}, {""id"": 9, ""name"": ""policyNumber"", ""type"": ""text"", ""placeholder"": ""Insurance Policy Number""}]}"
9,"Comprehensive Order Form","{""fields"": [{""id"": 1, ""name"": ""productName"", ""type"": ""text"", ""required"": true, ""placeholder"": ""Product Name""}, {""id"": 2, ""name"": ""quantity"", ""type"": ""number"", ""required"": true, ""placeholder"": ""Quantity""}, {""id"": 3, ""name"": ""shippingAddress"", ""type"": ""textarea"", ""required"": true, ""placeholder"": ""Shipping Address""}, {""id"": 4, ""name"": ""billingAddress"", ""type"": ""textarea"", ""placeholder"": ""Billing Address""}, {""id"": 5, ""name"": ""paymentMethod"", ""type"": ""select"", ""options"": [""Credit Card"", ""PayPal"", ""Bank Transfer""], ""required"": true, ""placeholder"": ""Payment Method""}, {""id"": 6, ""name"": ""cardNumber"", ""type"": ""text"", ""placeholder"": ""Credit Card Number""}, {""id"": 7, ""name"": ""expiryDate"", ""type"": ""text"", ""placeholder"": ""Expiry Date""}, {""id"": 8, ""name"": ""cvv"", ""type"": ""text"", ""placeholder"": ""CVV""}, {""id"": 9, ""name"": ""promoCode"", ""type"": ""text"", ""placeholder"": ""Promo Code (if any)""}, {""id"": 10, ""name"": ""notes"", ""type"": ""textarea"", ""placeholder"": ""Additional Notes""}]}"
10,"Detailed Bug Report Form","{""fields"": [{""id"": 1, ""name"": ""title"", ""type"": ""text"", ""required"": true, ""placeholder"": ""Bug Title""}, {""id"": 2, ""name"": ""description"", ""type"": ""textarea"", ""required"": true, ""placeholder"": ""Bug Description""}, {""id"": 3, ""name"": ""priority"", ""type"": ""select"", ""options"": [""Low"", ""Medium"", ""High""], ""required"": true, ""placeholder"": ""Priority""}, {""id"": 4, ""name"": ""steps"", ""type"": ""textarea"", ""placeholder"": ""Steps to Reproduce""}, {""id"": 5, ""name"": ""expectedResult"", ""type"": ""textarea"", ""placeholder"": ""Expected Result""}, {""id"": 6, ""name"": ""actualResult"", ""type"": ""textarea"", ""placeholder"": ""Actual Result""}, {""id"": 7, ""name"": ""screenshots"", ""type"": ""text"", ""placeholder"": ""Screenshots URL""}, {""id"": 8, ""name"": ""operatingSystem"", ""type"": ""select"", ""options"": [""Windows"", ""MacOS"", ""Linux""], ""placeholder"": ""Operating System""}, {""id"": 9, ""name"": ""browser"", ""type"": ""select"", ""options"": [""Chrome"", ""Firefox"", ""Safari"", ""Edge""], ""placeholder"": ""Browser""}, {""id"": 10, ""name"": ""additionalInfo"", ""type"": ""textarea"", ""placeholder"": ""Additional Information""}]}"
11,"Student Enrollment Form","{""fields"": [{""id"": 1, ""name"": ""studentName"", ""type"": ""text"", ""required"": true, ""placeholder"": ""Student Name""}, {""id"": 2, ""name"": ""dob"", ""type"": ""date"", ""required"": true, ""placeholder"": ""Date of Birth""}, {""id"": 3, ""name"": ""email"", ""type"": ""email"", ""required"": true, ""placeholder"": ""Student Email""}, {""id"": 4, ""name"": ""phone"", ""type"": ""text"", ""placeholder"": ""Phone Number""}, {""id"": 5, ""name"": ""address"", ""type"": ""textarea"", ""placeholder"": ""Home Address""}, {""id"": 6, ""name"": ""course"", ""type"": ""select"", ""options"": [""Science"", ""Commerce"", ""Arts""], ""placeholder"": ""Select Course""}, {""id"": 7, ""name"": ""gender"", ""type"": ""radio"", ""options"": [""Male"", ""Female"", ""Other""], ""placeholder"": ""Gender""}, {""id"": 8, ""name"": ""newsletter"", ""type"": ""checkbox"", ""placeholder"": ""Subscribe to newsletter?""}, {""id"": 9, ""name"": ""password"", ""type"": ""password"", ""required"": true, ""placeholder"": ""Create Password""}]}"
12,"Library Membership Form","{""fields"": [{""id"": 1, ""name"": ""fullName"", ""type"": ""text"", ""required"": true, ""placeholder"": ""Full Name""}, {""id"": 2, ""name"": ""dob"", ""type"": ""date"", ""placeholder"": ""Date of Birth""}, {""id"": 3, ""name"": ""email"", ""type"": ""email"", ""required"": true, ""placeholder"": ""Email""}, {""id"": 4, ""name"": ""phone"", ""type"": ""text"", ""placeholder"": ""Phone Number""}, {""id"": 5, ""name"": ""address"", ""type"": ""textarea"", ""placeholder"": ""Address""}, {""id"": 6, ""name"": ""membershipType"", ""type"": ""select"", ""options"": [""Regular"", ""Premium""], ""placeholder"": ""Membership Type""}, {""id"": 7, ""name"": ""gender"", ""type"": ""radio"", ""options"": [""Male"", ""Female"", ""Other""], ""placeholder"": ""Gender""}, {""id"": 8, ""name"": ""newsletter"", ""type"": ""checkbox"", ""placeholder"": ""Subscribe to newsletter?""}, {""id"": 9, ""name"": ""password"", ""type"": ""password"", ""required"": true, ""placeholder"": ""Create Password""}]}"
13,"Customer Feedback Form","{""fields"": [{""id"": 1, ""name"": ""name"", ""type"": ""text"", ""required"": true, ""placeholder"": ""Your Name""}, {""id"": 2, ""name"": ""email"", ""type"": ""email"", ""required"": true, ""placeholder"": ""Your Email""}, {""id"": 3, ""name"": ""product"", ""type"": ""text"", ""placeholder"": ""Product Name""}, {""id"": 4, ""name"": ""rating"", ""type"": ""select"", ""options"": [""1"", ""2"", ""3"", ""4"", ""5""], ""required"": true, ""placeholder"": ""Rating""}, {""id"": 5, ""name"": ""comments"", ""type"": ""textarea"", ""placeholder"": ""Your Comments""}, {""id"": 6, ""name"": ""recommend"", ""type"": ""radio"", ""options"": [""Yes"", ""No""], ""placeholder"": ""Would you recommend us?""}, {""id"": 7, ""name"": ""newsletter"", ""type"": ""checkbox"", ""placeholder"": ""Subscribe to newsletter?""}, {""id"": 8, ""name"": ""contact"", ""type"": ""text"", ""placeholder"": ""Contact Number""}, {""id"": 9, ""name"": ""purchaseDate"", ""type"": ""date"", ""placeholder"": ""Date of Purchase""}]}"
14,"Employee Onboarding Form","{""fields"": [{""id"": 1, ""name"": ""fullName"", ""type"": ""text"", ""required"": true, ""placeholder"": ""Full Name""}, {""id"": 2, ""name"": ""dob"", ""type"": ""date"", ""placeholder"": ""Date of Birth""}, {""id"": 3, ""name"": ""email"", ""type"": ""email"", ""required"": true, ""placeholder"": ""Email""}, {""id"": 4, ""name"": ""phone"", ""type"": ""text"", ""placeholder"": ""Phone Number""}, {""id"": 5, ""name"": ""address"", ""type"": ""textarea"", ""placeholder"": ""Address""}, {""id"": 6, ""name"": ""department"", ""type"": ""select"", ""options"": [""HR"", ""Finance"", ""IT"", ""Sales""], ""placeholder"": ""Department""}, {""id"": 7, ""name"": ""gender"", ""type"": ""radio"", ""options"": [""Male"", ""Female"", ""Other""], ""placeholder"": ""Gender""}, {""id"": 8, ""name"": ""newsletter"", ""type"": ""checkbox"", ""placeholder"": ""Subscribe to newsletter?""}, {""id"": 9, ""name"": ""password"", ""type"": ""password"", ""required"": true, ""placeholder"": ""Create Password""}]}"
15,"Vendor Registration Form","{""fields"": [{""id"": 1, ""name"": ""vendorName"", ""type"": ""text"", ""required"": true, ""placeholder"": ""Vendor Name""}, {""id"": 2, ""name"": ""email"", ""type"": ""email"", ""required"": true, ""placeholder"": ""Email""}, {""id"": 3, ""name"": ""phone"", ""type"": ""text"", ""placeholder"": ""Phone Number""}, {""id"": 4, ""name"": ""address"", ""type"": ""textarea"", ""placeholder"": ""Address""}, {""id"": 5, ""name"": ""category"", ""type"": ""select"", ""options"": [""Electronics"", ""Groceries"", ""Clothing"", ""Furniture""], ""placeholder"": ""Category""}, {""id"": 6, ""name"": ""rating"", ""type"": ""select"", ""options"": [""1"", ""2"", ""3"", ""4"", ""5""], ""placeholder"": ""Rating""}, {""id"": 7, ""name"": ""newsletter"", ""type"": ""checkbox"", ""placeholder"": ""Subscribe to newsletter?""}, {""id"": 8, ""name"": ""contactPerson"", ""type"": ""text"", ""placeholder"": ""Contact Person""}, {""id"": 9, ""name"": ""website"", ""type"": ""text"", ""placeholder"": ""Website URL""}]}"
16,"Course Registration Form","{""fields"": [{""id"": 1, ""name"": ""studentName"", ""type"": ""text"", ""required"": true, ""placeholder"": ""Student Name""}, {""id"": 2, ""name"": ""dob"", ""type"": ""date"", ""placeholder"": ""Date of Birth""}, {""id"": 3, ""name"": ""email"", ""type"": ""email"", ""required"": true, ""placeholder"": ""Email""}, {""id"": 4, ""name"": ""phone"", ""type"": ""text"", ""placeholder"": ""Phone Number""}, {""id"": 5, ""name"": ""address"", ""type"": ""textarea"", ""placeholder"": ""Home Address""}, {""id"": 6, ""name"": ""course"", ""type"": ""select"", ""options"": [""Mathematics"", ""Physics"", ""Chemistry"", ""Biology""], ""placeholder"": ""Select Course""}, {""id"": 7, ""name"": ""gender"", ""type"": ""radio"", ""options"": [""Male"", ""Female"", ""Other""], ""placeholder"": ""Gender""}, {""id"": 8, ""name"": ""newsletter"", ""type"": ""checkbox"", ""placeholder"": ""Subscribe to newsletter?""}, {""id"": 9, ""name"": ""password"", ""type"": ""password"", ""required"": true, ""placeholder"": ""Create Password""}]}"
17,"Product Feedback Form","{""fields"": [{""id"": 1, ""name"": ""productName"", ""type"": ""text"", ""required"": true, ""placeholder"": ""Product Name""}, {""id"": 2, ""name"": ""purchaseDate"", ""type"": ""date"", ""placeholder"": ""Date of Purchase""}, {""id"": 3, ""name"": ""email"", ""type"": ""email"", ""placeholder"": ""Your Email""}, {""id"": 4, ""name"": ""rating"", ""type"": ""select"", ""options"": [""1"", ""2"", ""3"", ""4"", ""5""], ""required"": true, ""placeholder"": ""Rating""}, {""id"": 5, ""name"": ""comments"", ""type"": ""textarea"", ""required"": true, ""placeholder"": ""Your Comments""}, {""id"": 6, ""name"": ""recommend"", ""type"": ""radio"", ""options"": [""Yes"", ""No""], ""placeholder"": ""Would you recommend this product?""}, {""id"": 7, ""name"": ""newsletter"", ""type"": ""checkbox"", ""placeholder"": ""Subscribe to newsletter?""}, {""id"": 8, ""name"": ""contact"", ""type"": ""text"", ""placeholder"": ""Contact Number""}, {""id"": 9, ""name"": ""password"", ""type"": ""password"", ""placeholder"": ""Create Password""}]}"
18,"Medical Appointment Form","{""fields"": [{""id"": 1, ""name"": ""patientName"", ""type"": ""text"", ""required"": true, ""placeholder"": ""Patient Name""}, {""id"": 2, ""name"": ""dob"", ""type"": ""date"", ""required"": true, ""placeholder"": ""Date of Birth""}, {""id"": 3, ""name"": ""email"", ""type"": ""email"", ""placeholder"": ""Email""}, {""id"": 4, ""name"": ""phone"", ""type"": ""text"", ""placeholder"": ""Phone Number""}, {""id"": 5, ""name"": ""address"", ""type"": ""textarea"", ""placeholder"": ""Address""}, {""id"": 6, ""name"": ""doctor"", ""type"": ""select"", ""options"": [""Dr. Smith"", ""Dr. Jones"", ""Dr. Brown""], ""placeholder"": ""Select Doctor""}, {""id"": 7, ""name"": ""gender"", ""type"": ""radio"", ""options"": [""Male"", ""Female"", ""Other""], ""placeholder"": ""Gender""}, {""id"": 8, ""name"": ""newsletter"", ""type"": ""checkbox"", ""placeholder"": ""Subscribe to newsletter?""}, {""id"": 9, ""name"": ""password"", ""type"": ""password"", ""placeholder"": ""Create Password""}]}"
19,"Event Feedback Form","{""fields"": [{""id"": 1, ""name"": ""eventName"", ""type"": ""text"", ""required"": true, ""placeholder"": ""Event Name""}, {""id"": 2, ""name"": ""email"", ""type"": ""email"", ""required"": true, ""placeholder"": ""Your Email""}, {""id"": 3, ""name"": ""rating"", ""type"": ""select"", ""options"": [""1"", ""2"", ""3"", ""4"", ""5""], ""placeholder"": ""Rating""}, {""id"": 4, ""name"": ""comments"", ""type"": ""textarea"", ""required"": true, ""placeholder"": ""Your Comments""}, {""id"": 5, ""name"": ""recommend"", ""type"": ""radio"", ""options"": [""Yes"", ""No""], ""placeholder"": ""Would you recommend this event?""}, {""id"": 6, ""name"": ""newsletter"", ""type"": ""checkbox"", ""placeholder"": ""Subscribe to newsletter?""}, {""id"": 7, ""name"": ""contact"", ""type"": ""text"", ""placeholder"": ""Contact Number""}, {""id"": 8, ""name"": ""password"", ""type"": ""password"", ""placeholder"": ""Create Password""}]}"
20,"Internship Application Form","{""fields"": [{""id"": 1, ""name"": ""fullName"", ""type"": ""text"", ""required"": true, ""placeholder"": ""Full Name""}, {""id"": 2, ""name"": ""dob"", ""type"": ""date"", ""placeholder"": ""Date of Birth""}, {""id"": 3, ""name"": ""email"", ""type"": ""email"", ""required"": true, ""placeholder"": ""Email""}, {""id"": 4, ""name"": ""phone"", ""type"": ""text"", ""placeholder"": ""Phone Number""}, {""id"": 5, ""name"": ""address"", ""type"": ""textarea"", ""placeholder"": ""Address""}, {""id"": 6, ""name"": ""department"", ""type"": ""select"", ""options"": [""HR"", ""Finance"", ""IT"", ""Sales""], ""placeholder"": ""Department""}, {""id"": 7, ""name"": ""gender"", ""type"": ""radio"", ""options"": [""Male"", ""Female"", ""Other""], ""placeholder"": ""Gender""}, {""id"": 8, ""name"": ""newsletter"", ""type"": ""checkbox"", ""placeholder"": ""Subscribe to newsletter?""}, {""id"": 9, ""name"": ""password"", ""type"": ""password"", ""required"": true, ""placeholder"": ""Create Password""}]}"
21,"Hotel Booking Form","{""fields"": [{""id"": 1, ""name"": ""fullName"", ""type"": ""text"", ""required"": true, ""placeholder"": ""Full Name""}, {""id"": 2, ""name"": ""dob"", ""type"": ""date"", ""placeholder"": ""Date of Birth""}, {""id"": 3, ""name"": ""email"", ""type"": ""email"", ""required"": true, ""placeholder"": ""Email""}, {""id"": 4, ""name"": ""phone"", ""type"": ""text"", ""placeholder"": ""Phone Number""}, {""id"": 5, ""name"": ""address"", ""type"": ""textarea"", ""placeholder"": ""Address""}, {""id"": 6, ""name"": ""roomType"", ""type"": ""select"", ""options"": [""Single"", ""Double"", ""Suite""], ""placeholder"": ""Room Type""}, {""id"": 7, ""name"": ""gender"", ""type"": ""radio"", ""options"": [""Male"", ""Female"", ""Other""], ""placeholder"": ""Gender""}, {""id"": 8, ""name"": ""newsletter"", ""type"": ""checkbox"", ""placeholder"": ""Subscribe to newsletter?""}, {""id"": 9, ""name"": ""password"", ""type"": ""password"", ""required"": true, ""placeholder"": ""Create Password""}]}"
22,"Gym Membership Form","{""fields"": [{""id"": 1, ""name"": ""fullName"", ""type"": ""text"", ""required"": true, ""placeholder"": ""Full Name""}, {""id"": 2, ""name"": ""dob"", ""type"": ""date"", ""placeholder"": ""Date of Birth""}, {""id"": 3, ""name"": ""email"", ""type"": ""email"", ""placeholder"": ""Email""}, {""id"": 4, ""name"": ""phone"", ""type"": ""text"", ""placeholder"": ""Phone Number""}, {""id"": 5, ""name"": ""address"", ""type"": ""textarea"", ""placeholder"": ""Address""}, {""id"": 6, ""name"": ""membershipType"", ""type"": ""select"", ""options"": [""Regular"", ""Premium""], ""placeholder"": ""Membership Type""}, {""id"": 7, ""name"": ""gender"", ""type"": ""radio"", ""options"": [""Male"", ""Female"", ""Other""], ""placeholder"": ""Gender""}, {""id"": 8, ""name"": ""newsletter"", ""type"": ""checkbox"", ""placeholder"": ""Subscribe to newsletter?""}, {""id"": 9, ""name"": ""password"", ""type"": ""password"", ""required"": true, ""placeholder"": ""Create Password""}]}"
23,"Conference Registration Form","{""fields"": [{""id"": 1, ""name"": ""fullName"", ""type"": ""text"", ""required"": true, ""placeholder"": ""Full Name""}, {""id"": 2, ""name"": ""dob"", ""type"": ""date"", ""placeholder"": ""Date of Birth""}, {""id"": 3, ""name"": ""email"", ""type"": ""email"", ""required"": true, ""placeholder"": ""Email""}, {""id"": 4, ""name"": ""phone"", ""type"": ""text"", ""placeholder"": ""Phone Number""}, {""id"": 5, ""name"": ""address"", ""type"": ""textarea"", ""placeholder"": ""Address""}, {""id"": 6, ""name"": ""conference"", ""type"": ""select"", ""options"": [""Tech Conference"", ""Business Conference"", ""Health Conference""], ""placeholder"": ""Conference""}, {""id"": 7, ""name"": ""gender"", ""type"": ""radio"", ""options"": [""Male"", ""Female"", ""Other""], ""placeholder"": ""Gender""}, {""id"": 8, ""name"": ""newsletter"", ""type"": ""checkbox"", ""placeholder"": ""Subscribe to newsletter?""}, {""id"": 9, ""name"": ""password"", ""type"": ""password"", ""required"": true, ""placeholder"": ""Create Password""}]}"
24,"Workshop Registration Form","{""fields"": [{""id"": 1, ""name"": ""fullName"", ""type"": ""text"", ""required"": true, ""placeholder"": ""Full Name""}, {""id"": 2, ""name"": ""dob"", ""type"": ""date"", ""placeholder"": ""Date of Birth""}, {""id"": 3, ""name"": ""email"", ""type"": ""email"", ""placeholder"": ""Email""}, {""id"": 4, ""name"": ""phone"", ""type"": ""text"", ""placeholder"": ""Phone Number""}, {""id"": 5, ""name"": ""address"", ""type"": ""textarea"", ""placeholder"": ""Address""}, {""id"": 6, ""name"": ""workshop"", ""type"": ""select"", ""options"": [""Workshop A"", ""Workshop B"", ""Workshop C""], ""placeholder"": ""Workshop""}, {""id"": 7, ""name"": ""gender"", ""type"": ""radio"", ""options"": [""Male"", ""Female"", ""Other""], ""placeholder"": ""Gender""}, {""id"": 8, ""name"": ""newsletter"", ""type"": ""checkbox"", ""placeholder"": ""Subscribe to newsletter?""}, {""id"": 9, ""name"": ""password"", ""type"": ""password"", ""required"": true, ""placeholder"": ""Create Password""}]}"
25,"Sports Event Registration Form","{""fields"": [{""id"": 1, ""name"": ""fullName"", ""type"": ""text"", ""required"": true, ""placeholder"": ""Full Name""}, {""id"": 2, ""name"": ""dob"", ""type"": ""date"", ""placeholder"": ""Date of Birth""}, {""id"": 3, ""name"": ""email"", ""type"": ""email"", ""required"": true, ""placeholder"": ""Email""}, {""id"": 4, ""name"": ""phone"", ""type"": ""text"", ""placeholder"": ""Phone Number""}, {""id"": 5, ""name"": ""address"", ""type"": ""textarea"", ""placeholder"": ""Address""}, {""id"": 6, ""name"": ""sport"", ""type"": ""select"", ""options"": [""Football"", ""Basketball"", ""Tennis""], ""placeholder"": ""Sport""}, {""id"": 7, ""name"": ""gender"", ""type"": ""radio"", ""options"": [""Male"", ""Female"", ""Other""], ""placeholder"": ""Gender""}, {""id"": 8, ""name"": ""newsletter"", ""type"": ""checkbox"", ""placeholder"": ""Subscribe to newsletter?""}, {""id"": 9, ""name"": ""password"", ""type"": ""password"", ""required"": true, ""placeholder"": ""Create Password""}]}"
26,"Training Program Form","{""fields"": [{""id"": 1, ""name"": ""fullName"", ""type"": ""text"", ""required"": true, ""placeholder"": ""Full Name""}, {""id"": 2, ""name"": ""dob"", ""type"": ""date"", ""placeholder"": ""Date of Birth""}, {""id"": 3, ""name"": ""email"", ""type"": ""email"", ""required"": true, ""placeholder"": ""Email""}, {""id"": 4, ""name"": ""phone"", ""type"": ""text"", ""placeholder"": ""Phone Number""}, {""id"": 5, ""name"": ""address"", ""type"": ""textarea"", ""placeholder"": ""Address""}, {""id"": 6, ""name"": ""program"", ""type"": ""select"", ""options"": [""Program A"", ""Program B"", ""Program C""], ""placeholder"": ""Program""}, {""id"": 7, ""name"": ""gender"", ""type"": ""radio"", ""options"": [""Male"", ""Female"", ""Other""], ""placeholder"": ""Gender""}, {""id"": 8, ""name"": ""newsletter"", ""type"": ""checkbox"", ""placeholder"": ""Subscribe to newsletter?""}, {""id"": 9, ""name"": ""password"", ""type"": ""password"", ""required"": true, ""placeholder"": ""Create Password""}]}"
27,"Membership Renewal Form","{""fields"": [{""id"": 1, ""name"": ""fullName"", ""type"": ""text"", ""required"": true, ""placeholder"": ""Full Name""}, {""id"": 2, ""name"": ""dob"", ""type"": ""date"", ""placeholder"": ""Date of Birth""}, {""id"": 3, ""name"": ""email"", ""type"": ""email"", ""placeholder"": ""Email""}, {""id"": 4, ""name"": ""phone"", ""type"": ""text"", ""placeholder"": ""Phone Number""}, {""id"": 5, ""name"": ""address"", ""type"": ""textarea"", ""placeholder"": ""Address""}, {""id"": 6, ""name"": ""membershipType"", ""type"": ""select"", ""options"": [""Regular"", ""Premium""], ""placeholder"": ""Membership Type""}, {""id"": 7, ""name"": ""gender"", ""type"": ""radio"", ""options"": [""Male"", ""Female"", ""Other""], ""placeholder"": ""Gender""}, {""id"": 8, ""name"": ""newsletter"", ""type"": ""checkbox"", ""placeholder"": ""Subscribe to newsletter?""}, {""id"": 9, ""name"": ""password"", ""type"": ""password"", ""required"": true, ""placeholder"": ""Create Password""}]}"
28,"Property Listing Form","{""fields"": [{""id"": 1, ""name"": ""propertyName"", ""type"": ""text"", ""required"": true, ""placeholder"": ""Property Name""}, {""id"": 2, ""name"": ""address"", ""type"": ""textarea"", ""required"": true, ""placeholder"": ""Address""}, {""id"": 3, ""name"": ""price"", ""type"": ""number"", ""required"": true, ""placeholder"": ""Price""}, {""id"": 4, ""name"": ""email"", ""type"": ""email"", ""required"": true, ""placeholder"": ""Contact Email""}, {""id"": 5, ""name"": ""phone"", ""type"": ""text"", ""placeholder"": ""Contact Phone""}, {""id"": 6, ""name"": ""propertyType"", ""type"": ""select"", ""options"": [""House"", ""Apartment"", ""Commercial""], ""required"": true, ""placeholder"": ""Property Type""}, {""id"": 7, ""name"": ""furnished"", ""type"": ""radio"", ""options"": [""Yes"", ""No""], ""placeholder"": ""Furnished""}, {""id"": 8, ""name"": ""newsletter"", ""type"": ""checkbox"", ""placeholder"": ""Subscribe to newsletter?""}, {""id"": 9, ""name"": ""listingDate"", ""type"": ""date"", ""placeholder"": ""Listing Date""}]}"
29,"Charity Donation Form","{""fields"": [{""id"": 1, ""name"": ""fullName"", ""type"": ""text"", ""required"": true, ""placeholder"": ""Full Name""}, {""id"": 2, ""name"": ""email"", ""type"": ""email"", ""required"": true, ""placeholder"": ""Email""}, {""id"": 3, ""name"": ""phone"", ""type"": ""text"", ""placeholder"": ""Phone Number""}, {""id"": 4, ""name"": ""address"", ""type"": ""textarea"", ""placeholder"": ""Address""}, {""id"": 5, ""name"": ""donationAmount"", ""type"": ""number"", ""required"": true, ""placeholder"": ""Donation Amount""}, {""id"": 6, ""name"": ""paymentMethod"", ""type"": ""select"", ""options"": [""Credit Card"", ""PayPal"", ""Bank Transfer""], ""required"": true, ""placeholder"": ""Payment Method""}, {""id"": 7, ""name"": ""anonymous"", ""type"": ""radio"", ""options"": [""Yes"", ""No""], ""placeholder"": ""Donate Anonymously""}, {""id"": 8, ""name"": ""newsletter"", ""type"": ""checkbox"", ""placeholder"": ""Subscribe to newsletter?""}, {""id"": 9, ""name"": ""donationDate"", ""type"": ""date"", ""placeholder"": ""Donation Date""}]}"
30,"Pet Adoption Form","{""fields"": [{""id"": 1, ""name"": ""fullName"", ""type"": ""text"", ""required"": true, ""placeholder"": ""Full Name""}, {""id"": 2, ""name"": ""dob"", ""type"": ""date"", ""required"": true, ""placeholder"": ""Date of Birth""}, {""id"": 3, ""name"": ""email"", ""type"": ""email"", ""required"": true, ""placeholder"": ""Email""}, {""id"": 4, ""name"": ""phone"", ""type"": ""text"", ""placeholder"": ""Phone Number""}, {""id"": 5, ""name"": ""address"", ""type"": ""textarea"", ""placeholder"": ""Address""}, {""id"": 6, ""name"": ""petType"", ""type"": ""select"", ""options"": [""Dog"", ""Cat"", ""Other""], ""required"": true, ""placeholder"": ""Pet Type""}, {""id"": 7, ""name"": ""gender"", ""type"": ""radio"", ""options"": [""Male"", ""Female"", ""Other""], ""placeholder"": ""Gender""}, {""id"": 8, ""name"": ""newsletter"", ""type"": ""checkbox"", ""placeholder"": ""Subscribe to newsletter?""}, {""id"": 9, ""name"": ""password"", ""type"": ""password"", ""required"": true, ""placeholder"": ""Create Password""}]}"
31,"Driver Registration Form","{""fields"": [{""id"": 1, ""name"": ""fullName"", ""type"": ""text"", ""required"": true, ""placeholder"": ""Full Name""}, {""id"": 2, ""name"": ""dob"", ""type"": ""date"", ""required"": true, ""placeholder"": ""Date of Birth""}, {""id"": 3, ""name"": ""licenseNumber"", ""type"": ""text"", ""required"": true, ""placeholder"": ""Drivers License Number""}, {""id"": 4, ""name"": ""email"", ""type"": ""email"", ""placeholder"": ""Email""}, {""id"": 5, ""name"": ""phone"", ""type"": ""text"", ""placeholder"": ""Phone Number""}, {""id"": 6, ""name"": ""address"", ""type"": ""textarea"", ""placeholder"": ""Address""}, {""id"": 7, ""name"": ""vehicleType"", ""type"": ""select"", ""options"": [""Car"", ""Motorcycle"", ""Truck""], ""placeholder"": ""Vehicle Type""}, {""id"": 8, ""name"": ""insurance"", ""type"": ""checkbox"", ""placeholder"": ""Do you have insurance?""}]}"
32,"Visitor Feedback Form","{""fields"": [{""id"": 1, ""name"": ""name"", ""type"": ""text"", ""placeholder"": ""Your Name""}, {""id"": 2, ""name"": ""email"", ""type"": ""email"", ""placeholder"": ""Your Email""}, {""id"": 3, ""name"": ""visitDate"", ""type"": ""date"", ""placeholder"": ""Date of Visit""}, {""id"": 4, ""name"": ""rating"", ""type"": ""select"", ""options"": [""1"", ""2"", ""3"", ""4"", ""5""], ""placeholder"": ""Rating""}, {""id"": 5, ""name"": ""comments"", ""type"": ""textarea"", ""placeholder"": ""Your Comments""}]}"
33,"Client Satisfaction Survey","{""fields"": [{""id"": 1, ""name"": ""clientName"", ""type"": ""text"", ""required"": true, ""placeholder"": ""Client Name""}, {""id"": 2, ""name"": ""serviceUsed"", ""type"": ""select"", ""options"": [""Consulting"", ""Support"", ""Development""], ""required"": true, ""placeholder"": ""Service Used""}, {""id"": 3, ""name"": ""satisfactionLevel"", ""type"": ""radio"", ""options"": [""Very Satisfied"", ""Satisfied"", ""Neutral"", ""Unsatisfied"", ""Very Unsatisfied""], ""required"": true, ""placeholder"": ""Satisfaction Level""}, {""id"": 4, ""name"": ""feedback"", ""type"": ""textarea"", ""placeholder"": ""Your Feedback""}]}"
34,"Travel Booking Form","{""fields"": [{""id"": 1, ""name"": ""fullName"", ""type"": ""text"", ""required"": true, ""placeholder"": ""Full Name""}, {""id"": 2, ""name"": ""email"", ""type"": ""email"", ""required"": true, ""placeholder"": ""Email""}, {""id"": 3, ""name"": ""phone"", ""type"": ""text"", ""placeholder"": ""Phone Number""}, {""id"": 4, ""name"": ""travelDate"", ""type"": ""date"", ""required"": true, ""placeholder"": ""Travel Date""}, {""id"": 5, ""name"": ""destination"", ""type"": ""text"", ""required"": true, ""placeholder"": ""Destination""}, {""id"": 6, ""name"": ""travelMode"", ""type"": ""select"", ""options"": [""Airplane"", ""Train"", ""Bus""], ""placeholder"": ""Mode of Travel""}]}"
35,"Volunteer Application Form","{""fields"": [{""id"": 1, ""name"": ""fullName"", ""type"": ""text"", ""required"": true, ""placeholder"": ""Full Name""}, {""id"": 2, ""name"": ""dob"", ""type"": ""date"", ""required"": true, ""placeholder"": ""Date of Birth""}, {""id"": 3, ""name"": ""email"", ""type"": ""email"", ""placeholder"": ""Email""}, {""id"": 4, ""name"": ""phone"", ""type"": ""text"", ""placeholder"": ""Phone Number""}, {""id"": 5, ""name"": ""address"", ""type"": ""textarea"", ""placeholder"": ""Address""}, {""id"": 6, ""name"": ""availability"", ""type"": ""select"", ""options"": [""Weekdays"", ""Weekends"", ""Both""], ""placeholder"": ""Availability""}]}"
36,"Fitness Assessment Form","{""fields"": [{""id"": 1, ""name"": ""fullName"", ""type"": ""text"", ""required"": true, ""placeholder"": ""Full Name""}, {""id"": 2, ""name"": ""dob"", ""type"": ""date"", ""required"": true, ""placeholder"": ""Date of Birth""}, {""id"": 3, ""name"": ""email"", ""type"": ""email"", ""placeholder"": ""Email""}, {""id"": 4, ""name"": ""phone"", ""type"": ""text"", ""placeholder"": ""Phone Number""}, {""id"": 5, ""name"": ""address"", ""type"": ""textarea"", ""placeholder"": ""Address""}, {""id"": 6, ""name"": ""fitnessGoals"", ""type"": ""textarea"", ""placeholder"": ""Fitness Goals""}]}"
37,"Product Return Form","{""fields"": [{""id"": 1, ""name"": ""orderId"", ""type"": ""text"", ""required"": true, ""placeholder"": ""Order ID""}, {""id"": 2, ""name"": ""productName"", ""type"": ""text"", ""required"": true, ""placeholder"": ""Product Name""}, {""id"": 3, ""name"": ""purchaseDate"", ""type"": ""date"", ""placeholder"": ""Purchase Date""}, {""id"": 4, ""name"": ""reason"", ""type"": ""textarea"", ""required"": true, ""placeholder"": ""Reason for Return""}, {""id"": 5, ""name"": ""refundMethod"", ""type"": ""select"", ""options"": [""Store Credit"", ""Original Payment Method""], ""placeholder"": ""Refund Method""}]}"
38,"University Application Form","{""fields"": [{""id"": 1, ""name"": ""fullName"", ""type"": ""text"", ""required"": true, ""placeholder"": ""Full Name""}, {""id"": 2, ""name"": ""dob"", ""type"": ""date"", ""required"": true, ""placeholder"": ""Date of Birth""}, {""id"": 3, ""name"": ""email"", ""type"": ""email"", ""required"": true, ""placeholder"": ""Email""}, {""id"": 4, ""name"": ""phone"", ""type"": ""text"", ""placeholder"": ""Phone Number""}, {""id"": 5, ""name"": ""address"", ""type"": ""textarea"", ""placeholder"": ""Address""}, {""id"": 6, ""name"": ""course"", ""type"": ""select"", ""options"": [""Computer Science"", ""Business"", ""Engineering"", ""Arts""], ""placeholder"": ""Course""}]}"
39,"Tenant Application Form","{""fields"": [{""id"": 1, ""name"": ""fullName"", ""type"": ""text"", ""required"": true, ""placeholder"": ""Full Name""}, {""id"": 2, ""name"": ""dob"", ""type"": ""date"", ""placeholder"": ""Date of Birth""}, {""id"": 3, ""name"": ""email"", ""type"": ""email"", ""required"": true, ""placeholder"": ""Email""}, {""id"": 4, ""name"": ""phone"", ""type"": ""text"", ""placeholder"": ""Phone Number""}, {""id"": 5, ""name"": ""address"", ""type"": ""textarea"", ""placeholder"": ""Current Address""}, {""id"": 6, ""name"": ""employmentStatus"", ""type"": ""select"", ""options"": [""Employed"", ""Self-Employed"", ""Unemployed""], ""placeholder"": ""Employment Status""}, {""id"": 7, ""name"": ""monthlyIncome"", ""type"": ""number"", ""placeholder"": ""Monthly Income""}]}"
40,"Business Contact Form","{""fields"": [{""id"": 1, ""name"": ""companyName"", ""type"": ""text"", ""required"": true, ""placeholder"": ""Company Name""}, {""id"": 2, ""name"": ""contactPerson"", ""type"": ""text"", ""required"": true, ""placeholder"": ""Contact Person""}, {""id"": 3, ""name"": ""email"", ""type"": ""email"", ""required"": true, ""placeholder"": ""Email""}, {""id"": 4, ""name"": ""phone"", ""type"": ""text"", ""placeholder"": ""Phone Number""}, {""id"": 5, ""name"": ""address"", ""type"": ""textarea"", ""placeholder"": ""Company Address""}, {""id"": 6, ""name"": ""industry"", ""type"": ""select"", ""options"": [""Technology"", ""Healthcare"", ""Finance"", ""Retail""], ""placeholder"": ""Industry""}]}"
41,"Job Referral Form","{""fields"": [{""id"": 1, ""name"": ""referrerName"", ""type"": ""text"", ""required"": true, ""placeholder"": ""Referrer Name""}, {""id"": 2, ""name"": ""referrerEmail"", ""type"": ""email"", ""required"": true, ""placeholder"": ""Referrer Email""}, {""id"": 3, ""name"": ""candidateName"", ""type"": ""text"", ""required"": true, ""placeholder"": ""Candidate Name""}, {""id"": 4, ""name"": ""candidateEmail"", ""type"": ""email"", ""placeholder"": ""Candidate Email""}, {""id"": 5, ""name"": ""position"", ""type"": ""text"", ""placeholder"": ""Position""}, {""id"": 6, ""name"": ""relation"", ""type"": ""textarea"", ""placeholder"": ""Relation to Candidate""}]}"
42,"Event Sponsorship Form","{""fields"": [{""id"": 1, ""name"": ""sponsorName"", ""type"": ""text"", ""required"": true, ""placeholder"": ""Sponsor Name""}, {""id"": 2, ""name"": ""contactPerson"", ""type"": ""text"", ""required"": true, ""placeholder"": ""Contact Person""}, {""id"": 3, ""name"": ""email"", ""type"": ""email"", ""required"": true, ""placeholder"": ""Email""}, {""id"": 4, ""name"": ""phone"", ""type"": ""text"", ""placeholder"": ""Phone Number""}, {""id"": 5, ""name"": ""address"", ""type"": ""textarea"", ""placeholder"": ""Address""}, {""id"": 6, ""name"": ""sponsorshipLevel"", ""type"": ""select"", ""options"": [""Gold"", ""Silver"", ""Bronze""], ""placeholder"": ""Sponsorship Level""}]}"
43,"Restaurant Reservation Form","{""fields"": [{""id"": 1, ""name"": ""fullName"", ""type"": ""text"", ""required"": true, ""placeholder"": ""Full Name""}, {""id"": 2, ""name"": ""email"", ""type"": ""email"", ""required"": true, ""placeholder"": ""Email""}, {""id"": 3, ""name"": ""phone"", ""type"": ""text"", ""placeholder"": ""Phone Number""}, {""id"": 4, ""name"": ""reservationDate"", ""type"": ""date"", ""required"": true, ""placeholder"": ""Reservation Date""}, {""id"": 5, ""name"": ""time"", ""type"": ""text"", ""placeholder"": ""Reservation Time""}, {""id"": 6, ""name"": ""numberOfGuests"", ""type"": ""number"", ""placeholder"": ""Number of Guests""}]}"
44,"Loan Application Form","{""fields"": [{""id"": 1, ""name"": ""applicantName"", ""type"": ""text"", ""required"": true, ""placeholder"": ""Applicant Name""}, {""id"": 2, ""name"": ""dob"", ""type"": ""date"", ""required"": true, ""placeholder"": ""Date of Birth""}, {""id"": 3, ""name"": ""email"", ""type"": ""email"", ""required"": true, ""placeholder"": ""Email""}, {""id"": 4, ""name"": ""phone"", ""type"": ""text"", ""placeholder"": ""Phone Number""}, {""id"": 5, ""name"": ""address"", ""type"": ""textarea"", ""placeholder"": ""Address""}, {""id"": 6, ""name"": ""loanAmount"", ""type"": ""number"", ""required"": true, ""placeholder"": ""Loan Amount""}, {""id"": 7, ""name"": ""loanPurpose"", ""type"": ""textarea"", ""placeholder"": ""Purpose of Loan""}]}"
45,"School Admission Form","{""fields"": [{""id"": 1, ""name"": ""studentName"", ""type"": ""text"", ""required"": true, ""placeholder"": ""Student Name""}, {""id"": 2, ""name"": ""dob"", ""type"": ""date"", ""required"": true, ""placeholder"": ""Date of Birth""}, {""id"": 3, ""name"": ""parentName"", ""type"": ""text"", ""required"": true, ""placeholder"": ""Parent/Guardian Name""}, {""id"": 4, ""name"": ""email"", ""type"": ""email"", ""required"": true, ""placeholder"": ""Parent/Guardian Email""}, {""id"": 5, ""name"": ""phone"", ""type"": ""text"", ""placeholder"": ""Parent/Guardian Phone Number""}, {""id"": 6, ""name"": ""address"", ""type"": ""textarea"", ""placeholder"": ""Home Address""}, {""id"": 7, ""name"": ""grade"", ""type"": ""select"", ""options"": [""Kindergarten"", ""Grade 1"", ""Grade 2"", ""Grade 3"", ""Grade 4"", ""Grade 5""], ""placeholder"": ""Grade""}]}"
46,"Real Estate Inquiry Form","{""fields"": [{""id"": 1, ""name"": ""fullName"", ""type"": ""text"", ""required"": true, ""placeholder"": ""Full Name""}, {""id"": 2, ""name"": ""email"", ""type"": ""email"", ""required"": true, ""placeholder"": ""Email""}, {""id"": 3, ""name"": ""phone"", ""type"": ""text"", ""placeholder"": ""Phone Number""}, {""id"": 4, ""name"": ""propertyType"", ""type"": ""select"", ""options"": [""House"", ""Apartment"", ""Commercial""], ""required"": true, ""placeholder"": ""Property Type""}, {""id"": 5, ""name"": ""budget"", ""type"": ""number"", ""placeholder"": ""Budget""}, {""id"": 6, ""name"": ""moveInDate"", ""type"": ""date"", ""placeholder"": ""Preferred Move-in Date""}, {""id"": 7, ""name"": ""comments"", ""type"": ""textarea"", ""placeholder"": ""Additional Comments""}]}"
47,"Donation Request Form","{""fields"": [{""id"": 1, ""name"": ""organizationName"", ""type"": ""text"", ""required"": true, ""placeholder"": ""Organization Name""}, {""id"": 2, ""name"": ""contactPerson"", ""type"": ""text"", ""required"": true, ""placeholder"": ""Contact Person""}, {""id"": 3, ""name"": ""email"", ""type"": ""email"", ""required"": true, ""placeholder"": ""Email""}, {""id"": 4, ""name"": ""phone"", ""type"": ""text"", ""placeholder"": ""Phone Number""}, {""id"": 5, ""name"": ""address"", ""type"": ""textarea"", ""placeholder"": ""Address""}, {""id"": 6, ""name"": ""donationAmount"", ""type"": ""number"", ""required"": true, ""placeholder"": ""Requested Donation Amount""}, {""id"": 7, ""name"": ""purpose"", ""type"": ""textarea"", ""placeholder"": ""Purpose of Donation""}]}"
48,"Service Request Form","{""fields"": [{""id"": 1, ""name"": ""fullName"", ""type"": ""text"", ""required"": true, ""placeholder"": ""Full Name""}, {""id"": 2, ""name"": ""email"", ""type"": ""email"", ""required"": true, ""placeholder"": ""Email""}, {""id"": 3, ""name"": ""phone"", ""type"": ""text"", ""placeholder"": ""Phone Number""}, {""id"": 4, ""name"": ""serviceType"", ""type"": ""select"", ""options"": [""Installation"", ""Repair"", ""Maintenance""], ""required"": true, ""placeholder"": ""Service Type""}, {""id"": 5, ""name"": ""preferredDate"", ""type"": ""date"", ""placeholder"": ""Preferred Service Date""}, {""id"": 6, ""name"": ""comments"", ""type"": ""textarea"", ""placeholder"": ""Additional Comments""}]}"
49,"Insurance Claim Form","{""fields"": [{""id"": 1, ""name"": ""claimantName"", ""type"": ""text"", ""required"": true, ""placeholder"": ""Claimant Name""}, {""id"": 2, ""name"": ""policyNumber"", ""type"": ""text"", ""required"": true, ""placeholder"": ""Policy Number""}, {""id"": 3, ""name"": ""email"", ""type"": ""email"", ""required"": true, ""placeholder"": ""Email""}, {""id"": 4, ""name"": ""phone"", ""type"": ""text"", ""placeholder"": ""Phone Number""}, {""id"": 5, ""name"": ""incidentDate"", ""type"": ""date"", ""required"": true, ""placeholder"": ""Date of Incident""}, {""id"": 6, ""name"": ""incidentDescription"", ""type"": ""textarea"", ""required"": true, ""placeholder"": ""Description of Incident""}, {""id"": 7, ""name"": ""claimAmount"", ""type"": ""number"", ""placeholder"": ""Claim Amount""}]}"
50,"Workshop Feedback Form","{""fields"": [{""id"": 1, ""name"": ""workshopName"", ""type"": ""text"", ""required"": true, ""placeholder"": ""Workshop Name""}, {""id"": 2, ""name"": ""email"", ""type"": ""email"", ""required"": true, ""placeholder"": ""Your Email""}, {""id"": 3, ""name"": ""rating"", ""type"": ""select"", ""options"": [""1"", ""2"", ""3"", ""4"", ""5""], ""placeholder"": ""Rating""}, {""id"": 4, ""name"": ""comments"", ""type"": ""textarea"", ""required"": true, ""placeholder"": ""Your Comments""}, {""id"": 5, ""name"": ""recommend"", ""type"": ""radio"", ""options"": [""Yes"", ""No""], ""placeholder"": ""Would you recommend this workshop?""}]}"
